FirstName,LastName,PhoneNumber,DriversLicenceNumber
Randolf,Minot,512-360-8898,9198832
Leonerd,Hallibone,440-108-5414,6409596
Bess,Dupree,247-542-2575,7221258
Sanderson,Mulqueeny,297-659-9697,5798776
Kimbra,MacCambridge,682-748-6433,5363241
Jeffrey,Bucknall,716-848-6553,5645106
Pet,Dionisi,927-138-9166,9542210
Haley,Pankhurst.,345-619-2754,6864310
Kipp,Gatrell,217-218-8638,9678611
Jolynn,Goymer,454-839-7484,8700868
Nat,Jinks,143-775-8231,7832599
Lay,Springett,380-854-9516,9331793
Pren,Merrigan,684-155-3500,9361137
Zara,Ciciura,693-540-1251,7758096
Blancha,Abrahams,528-767-9673,5199041
Pate,Bartoli,657-562-1766,8903695
Bernetta,Gurwood,233-967-7440,7550849
Linea,Joslyn,513-600-3910,9748010
Phebe,Benfell,431-336-7439,8290708
Eddie,Dukes,846-406-0413,8710763
Lilllie,McQuarrie,188-408-5000,7387588
Ernesto,McPherson,558-170-8473,7929440
Jordan,Speakman,478-788-9479,8076796
Christel,Barlas,971-433-2917,9177212
Aldous,Dhenin,776-872-6995,9292464
Germain,Malkinson,631-952-4180,7893239
Bunnie,Dolbey,806-688-0015,7882268
Alika,Praundlin,438-311-6457,5713941
Sterling,Malpass,784-940-3862,7280443
Dalli,Castaignet,330-725-3729,8697098
Malvina,Sattin,139-334-3377,9888442
Felita,Clement,907-133-5994,6156855
Tessie,Bertlin,113-935-3616,8362791
Rabbi,Varey,777-126-8467,6177760
Sven,Cuerdale,739-192-4564,7244076
Alice,Brigshaw,616-519-9991,6722594
Mickie,Spaule,972-280-9047,5885911
Bonnibelle,Burnep,987-137-2216,5802651
Jobie,Kermode,357-237-5886,6787349
Vergil,Farrand,329-522-1100,6976378
Nadeen,Pentony,564-285-7832,8560305
Bette,Overlow,538-702-9205,8072212
Carola,Ortells,312-689-0695,6369535
Ariana,Shelley,888-749-8390,8752921
Flor,Bellinger,697-622-5616,7436764
Zaccaria,Winchurst,858-826-6515,5982540
Garrott,Kearn,819-656-0319,5503825
Raquel,Iacovazzi,581-361-1425,7760580
Giovanni,Haddrill,756-950-6876,8533689
Eberhard,Bernaldez,601-973-2093,5735444
Gwendolin,Casaro,745-599-2879,7696853
Shaun,Ferentz,567-439-1703,9909650
Teddie,Blunsen,826-588-4225,6246835
Nevins,De Blasiis,953-772-2468,9333978
Garey,Smetoun,850-980-9339,6107163
Fairleigh,Shrimpton,383-296-4597,6411710
Marcille,Diggin,814-960-9346,8854629
Hurleigh,Sutherby,335-144-3955,8131741
Sylvan,Marwood,211-251-3174,5450218
Francyne,Bonny,200-453-6127,7251085
Gerta,Landon,164-559-9356,8804503
Georgia,Dingsdale,575-343-4610,9724702
Morse,Liepins,212-281-8755,6895455
Milissent,Della Scala,678-813-3459,5869646
Karlie,Wassung,617-625-7293,7556067
Mikey,Goudard,394-570-2774,9610481
Merla,Breewood,406-377-1201,9499866
Dorotea,Climpson,857-474-8080,5295627
Clem,Knappen,625-801-1360,7461481
Melinda,Iannello,950-131-2689,7821508
Jeanelle,Tonkinson,594-143-3784,5768919
Issiah,Milnes,704-774-8048,7232705
Pablo,Dansie,308-498-5481,7820456
Kilian,Hacket,151-913-7456,9955913
Leona,Layne,704-403-1026,5096613
Gilbert,Rosenwald,985-168-5601,8199561
Zarah,Broszkiewicz,304-221-6245,5515318
Florida,Janaszkiewicz,151-956-7200,7972400
Astra,Buie,211-728-4444,6062769
Marji,Rapaport,411-379-0621,5158451
Sergeant,Durman,826-780-4954,5427668
Moore,Pearce,627-907-9851,9604582
Allianora,Plampin,908-273-1572,9753941
Putnem,Empson,171-511-6455,5134847
Nigel,Girogetti,652-629-0496,5307054
Dniren,Licciardiello,401-106-3160,7354514
Addie,Maloney,877-651-6432,5025761
Loraine,Collerd,604-593-6940,9825532
Elysha,Opfer,103-384-8859,8420399
Jorry,Lomb,632-222-4526,5236435
Morgana,Lickess,124-274-1961,9545934
Shadow,Relf,483-296-9980,7371944
Mahmud,Longo,882-706-5267,5849483
Theodor,Antonomoli,409-446-4670,9492944
Scotti,Monni,141-799-0307,5865098
Karyn,Collingham,417-149-7721,9471130
Derick,Bolland,127-471-9843,7579550
Nadya,Lynett,368-504-3994,5457831
Noll,Duffrie,558-687-4339,7320049
Camila,Deluze,931-149-1396,6624706
Sabrina,MacRedmond,285-444-3620,6104307
Ardelle,Padbery,635-518-6080,9519076
Salem,Dog,486-397-5884,8292860
Zitella,Isham,677-131-6761,9479521
Brigham,Vannar,394-590-9264,7656342
Freddy,Wathey,345-442-6248,9305177
L;urette,Wade,215-584-7251,6725938
Hamid,Roisen,321-509-8196,8456819
Omero,Vereker,943-741-6185,7259312
Sue,Marmon,897-919-9265,9916610
Dall,Weatherhill,484-242-9798,7781646
Pavia,Vivians,772-135-6122,5017699
Rosanne,Ciric,592-994-5323,6375615
Sayre,Sharvell,300-611-2097,8340945
Maurizio,MacCurley,656-904-2611,7178443
Elisha,Halpeine,237-794-1652,8645870
Hervey,Conring,368-644-3164,6477251
Yurik,Face,202-520-8842,8185244
Jorrie,Shotton,979-986-3022,6138139
Jerome,Bukowski,936-357-6114,7340436
Waldemar,Rishworth,958-964-1500,6198064
Adria,Allinson,440-279-0552,7186624
Yolane,Pettiford,194-791-5756,6941912
Vito,Mellody,898-301-8272,8796196
Ynes,Jacobovitz,530-461-2712,6759967
Audry,Paffley,797-210-2983,8911885
Leigh,Godon,241-664-5856,5857580
Titos,Gossling,816-482-6454,9502675
Datha,Ghiron,502-465-4554,9369331
Aloysia,Verry,165-807-4398,5347994
Hall,Giraths,643-340-5875,8809822
Engracia,Trahair,905-777-8435,6915508
Shellie,Stoak,528-820-3786,5662812
Lavina,Tate,564-703-4805,5789873
Merrily,Hovenden,757-349-9034,7893830
Britta,Picford,184-934-6442,6705830
Torin,Evens,595-284-2891,5308630
Rikki,Demangeon,875-510-4198,7272247
Laurette,Surman-Wells,904-101-9447,6721201
Armstrong,Loakes,465-629-6384,7081034
Cahra,Legan,796-417-0519,9136196
Jewell,Messum,955-110-2508,8909685
Tobin,Snel,676-850-6165,9117530
Robina,Hargie,293-746-2204,9390050
Dorolisa,Ungerechts,623-185-7663,6430814
Ryann,Exall,981-665-3301,5416490
Anthiathia,Cossey,822-687-9631,5682442
Javier,Matieu,751-760-3915,6172204
Jasun,Flaunier,265-648-8940,6890111
Rakel,Semmence,513-322-4712,6285453
Yolanda,Cicutto,361-773-2321,9835344
Morissa,Choudhury,386-689-1405,5004059
Dotty,Braams,291-333-3853,7012264
Pryce,MacLeod,299-118-3737,9752114
Donal,Brailsford,808-773-2886,6231653
Tabby,Robjant,394-688-3738,8324649
Lu,Gratrex,387-617-2290,8020566
Ash,Dovinson,915-525-8235,5582640
Jaynell,Djurdjevic,400-563-3214,8966359
Cloe,Thomke,140-343-8765,5771875
Georgena,Challice,399-680-1692,5652942
Bernette,Spilsbury,742-786-4041,8071789
Hillel,De la Perrelle,825-203-8689,8497272
Leola,Vakhrushev,800-931-4286,7303194
Nikkie,Dempster,888-908-9639,5449295
Dorene,Arghent,639-618-9648,9294763
Jaimie,Jerrard,471-494-1087,5538103
Allard,Wharlton,862-406-1048,6399648
Nancey,Fisbburne,879-419-7757,8097636
Dalton,Hulbert,175-324-7906,9435416
Sharai,Iskow,160-944-5770,7535005
Alene,Freak,646-234-2569,9331835
Ricki,Olsen,368-769-3236,7072539
Bernette,Grutchfield,444-557-9807,5492074
Remy,Shorter,232-958-9078,5261165
Karine,Fewell,569-255-4159,5082979
Ynez,Kinastan,709-245-7689,9489897
Putnam,Enefer,542-464-1089,8180007
Roshelle,Laugheran,291-853-5694,8861709
Pablo,Gavagan,644-457-0714,8760823
Lisetta,Hillum,279-864-8894,5954490
Deni,Goodbourn,724-830-3333,6680150
Lynnea,Ksandra,747-905-1818,5417228
Adolphus,Hillyatt,816-893-0930,7850287
Antonia,Torfin,142-200-3956,6077637
Ermentrude,Allewell,551-825-5335,7584430
Ginnie,Harrow,479-839-7847,8735924
Gradey,Cullum,903-497-3578,5121601
Allx,Fetherstan,367-545-5478,6322087
Elaina,Steabler,250-614-3209,6420813
Ransell,Flay,732-240-9442,6265531
Janenna,Derill,888-990-0443,8069417
Fabio,Weedenburg,973-774-2416,8410022
Durand,Asp,740-518-8346,9116528
Glennis,Espinha,573-306-1319,8979495
Maggy,Cobleigh,930-934-9306,6963618
Geri,Rizzardi,945-747-2704,6259903
Ellie,Readie,716-883-2696,8482774
Erin,Dreye,189-423-2185,8397051
Jephthah,Kiessel,638-155-7363,5757896
Nil,Ilett,224-564-0961,6549923
Erma,Chenery,565-737-2044,8891827
Gisele,Thickin,154-587-2755,8586702
Adolphe,Venneur,863-709-8097,7695752
Idette,Gatfield,661-968-7611,7745125
Hermy,Forgan,466-299-3661,9598051
Nike,Mushett,173-160-6363,7740212
Shana,Blakiston,495-676-2948,7393480
Tally,Bemment,786-814-1341,6857882
Zora,Clausius,278-181-9037,5090517
Emmeline,Bradberry,376-760-3102,5754393
Cosme,Bridat,994-660-4430,8185466
Kenneth,Harrington,876-128-5096,5089213
Isabella,Wesgate,687-995-2975,7002715
Jennica,Clayfield,857-191-5804,9157879
Conroy,Frizzell,550-711-7418,5733985
Joella,Minnis,620-542-3831,8610239
Richmound,Triggs,154-132-2718,9798931
Gui,Kendle,211-647-4222,5169434
Laurie,Hanburry,236-209-7803,7099924
Essy,Artois,604-114-0394,9880267
Vinny,Hewins,872-210-6569,5924180
Liva,Brimilcombe,321-134-4287,8092702
Dolley,Davidowsky,809-291-4404,6506211
Seumas,Luke,473-867-3734,5796797
Shana,Neissen,973-795-0594,9696068
Willamina,Collister,654-283-7928,6819986
Janith,Petersen,973-876-3007,6376679
Say,Isakovitch,915-299-6775,8531772
Kit,Rozycki,971-813-6942,9982211
Parrnell,Scollan,981-981-9159,9084521
Boris,Kalvin,420-678-5176,8211153
Pansie,Miskelly,942-147-4058,9143806
Padgett,Scapens,784-645-7175,9864612
Maynard,Kenvin,336-683-1042,7894437
Archibold,Bennett,651-811-1741,5469950
Mayne,Balham,734-372-9125,6753528
Bar,O'Mohun,414-279-1572,6744842
Kellia,Olenchikov,623-730-0551,9219766
Mildred,Godart,160-885-9348,6080385
Myron,Bleas,217-414-2570,9224130
Sebastian,Compford,496-404-9246,7311389
Karry,Stanistreet,951-748-3143,5271816
Rollie,Borer,615-384-6556,7136299
Cindee,Carling,410-174-7789,9983289
Richard,Cubitt,606-662-7627,8618343
Ladonna,Clash,547-251-4388,5923367
Elwood,Shakshaft,357-444-3846,9503132
Jessika,Berriman,258-153-4251,7147357
Prudi,Girardi,986-340-1291,8781953
Diane-marie,Baroux,519-165-8888,6954643
Carson,Grimestone,746-139-5454,9698452
Wendie,Fairlie,859-227-5963,7397548
Larisa,Island,613-232-1423,6342017
Caye,Toyne,507-258-2223,9935399
Hilliary,Devas,673-282-2473,8772295
Emmeline,Damant,663-308-8848,5570879
Coralyn,Cescon,770-115-7801,8917109
Elias,Darkins,621-446-6696,8671401
Hy,Pendreigh,468-593-2074,9346596
Korry,Jackling,156-522-5716,9093374
Ossie,Bangley,834-455-0973,6567099
Em,Gatcliff,772-893-9139,7002489
Maynard,Hassall,492-325-1499,9750731
Shawn,Adriaens,558-473-3483,7760114
Killian,Leirmonth,559-924-4792,8603381
Ophelia,Dewes,477-133-6935,6464363
Dru,Poznanski,789-945-4169,8150373
Zach,Dronsfield,470-623-2503,6854922
Samuel,Frostdick,734-740-9767,6316051
Brittaney,Houdhury,827-161-5092,5108352
Dacia,Dacks,251-406-6372,8353081
Robert,Jouaneton,663-661-5189,5832498
Rivi,Gaye,915-874-6045,6973608
Patrizius,Gentery,705-814-9378,6096664
Delilah,Nockalls,745-927-9422,6269290
Brewster,Thecham,469-823-3371,5769462
Ron,Franzman,995-205-9532,6206625
Garrik,Synnott,174-897-3329,6188024
Davey,Renner,920-643-7303,5566828
Faustine,Gilsthorpe,412-824-5861,5074412
Joycelin,Giraudel,144-342-2098,8451215
Bernard,Sanzio,715-497-3481,8339555
Demetris,Fader,457-843-8631,5785068
Cam,Iddy,345-224-1844,8818930
Margaux,Knapman,277-478-9148,8638424
Westley,Leven,849-371-3767,9046774
Brew,Raiston,353-449-7451,8302855
Anatol,Beckingham,596-975-9022,9347848
Lloyd,Wye,284-286-8492,7452921
Derrik,Caught,949-178-4000,7650062
Mayer,Linsey,959-885-2072,9749261
Prudence,Sambals,123-569-1730,5160222
Elmo,Lovie,309-861-4087,6936676
Arluene,McNea,648-108-3893,9165758
Josefina,Van Cassel,583-939-9121,9696999
Tine,Cuffin,959-462-2568,6427040
Kathe,Jahncke,515-753-7882,8972843
Nonna,Durram,742-177-5905,5591218
Sioux,Yelyashev,684-780-6904,7502885
Bernhard,Rayhill,885-931-3078,5310925
Benedikta,Ryde,967-748-9418,5034963
Cicely,Penhale,730-220-1392,6825453
Sharlene,Candey,342-618-7467,6886817
Vivien,McCory,730-469-3653,9793219
Arnaldo,Collough,568-372-5272,6847109
Isacco,Worster,813-683-5401,7458063
Preston,Joslow,757-401-4721,8426014
Emlyn,Milksop,779-692-0454,9677642
Patrica,Realy,620-873-9654,9891504
Alena,Ewbanche,148-367-1377,9948505
Rikki,Thornthwaite,628-740-2282,5028586
Lind,Georgiev,929-833-2772,6371624
Melisa,Prendergrast,999-647-1304,8722015
Phillie,Ashbee,333-959-1775,7254146
Mora,Paoli,465-999-9928,7496481
Eleanore,Cossom,424-612-2991,9571574
Melisenda,Sutherby,818-437-3821,5336019
Sunny,Shayler,879-999-4629,5775486
Bar,Baumber,419-512-4467,7105993
Walden,Hurkett,604-438-6784,9199495
Fancie,Quibell,321-126-4727,7163088
Carolina,Reckus,872-560-3920,6355965
Lynde,Jelfs,329-541-8263,7143122
Shannon,Odegaard,609-688-0318,5366068
Arabel,Rutherfoord,779-604-5887,6767558
Holly,Greenley,209-289-7131,9785682
Diena,Lowdwell,219-835-2844,5552506
Nate,Waddam,916-684-7787,7783025
Jacklyn,Thacke,270-900-8526,7048640
Roz,Chippindall,501-620-0730,5663739
Dewain,Peace,571-577-4803,7405129
Chandler,Bunworth,971-981-6963,9273007
Tawnya,Hargreave,647-931-6853,6594267
Tally,Ummfrey,188-236-8856,9631086
Francois,Priestnall,142-578-3195,9533110
Gertie,Brosio,611-552-9130,8706601
Halie,Jenyns,763-191-4384,5227953
Theodosia,Rotchell,371-211-6659,9083013
Patton,Bodemeaid,119-200-2625,9721905
Federica,Fidgin,388-427-0222,6883091
Eveline,Wonfar,407-947-8058,8133378
Clim,Brame,407-403-9018,7579929
Eldon,Cusworth,490-211-3504,7047526
Estrellita,Montgomery,249-469-8128,6968677
Aime,Gemnett,657-248-6821,7054628
Hedy,Shard,682-479-3465,9541797
Artair,Meynell,573-760-3438,6922141
Florella,Nanni,848-669-6832,7862379
Vilma,Swigger,244-127-3914,8042754
Estelle,Bartot,559-550-2703,5730936
Justin,Laurenty,375-984-3051,6699013
Fredrick,MacClancey,688-417-8908,7904239
Mindy,Wearne,174-756-9066,9554922
Diane,Franchi,732-373-1641,5014228
Agathe,Faull,172-720-9242,5632871
Ruddy,Croci,134-562-6010,9452427
Terrie,Paulus,446-145-4126,6334637
Torre,Spinetti,649-834-2786,7622766
Gabey,Amber,918-201-1995,9184156
Cindy,Holttom,569-395-1723,5225365
Cathi,Farrant,138-178-8766,7347597
Estele,Van Bruggen,861-912-6448,9150470
Arv,Stubbins,254-242-2508,6391811
Goldy,Portch,190-961-0052,6951177
Tate,Greve,662-953-0293,7407979
Lance,Schiementz,415-522-9757,7819109
Fannie,Shillum,194-643-3764,6119702
Charil,Mendoza,680-246-7721,5547682
Richart,Dobkin,223-468-5975,9637524
Chlo,Sidgwick,239-949-2805,9816260
Oriana,Puckey,172-252-9417,7851002
Heidi,Merwe,105-279-3857,9059422
Silva,Shergill,976-253-7038,8266181
Cherish,Elliker,451-420-9531,6952656
Bobina,Eyrl,321-256-1882,7875430
Theobald,Ring,816-173-0785,9444294
Silvain,Patrie,806-380-9279,6076831
Jeane,Youings,105-663-1049,7553687
Goldi,Bernath,304-997-4508,6859717
Shoshanna,Onthank,742-204-8695,6741548
Karalee,Havoc,328-795-1185,6592481
Burr,Antonsen,590-905-7900,8863690
Franni,Frier,875-316-2380,7836345
Sara-ann,Pierrepoint,148-997-1005,5110295
Trip,Varey,204-532-9571,5326111
Amara,Stearndale,527-994-9276,8026965
Vincents,Postle,799-516-1935,8495374
Dyan,Kalkhoven,243-930-0449,9583857
Jinny,Berg,627-813-7981,9307565
Noellyn,Sails,597-412-7348,6581935
Ellen,Doncaster,639-555-1823,9995769
Constantia,Collins,878-709-7702,9638460
Ephraim,Ayce,812-239-5301,5308278
Cicely,Basford,738-817-8735,5133462
Matilde,Dimelow,991-141-1411,5940562
Corilla,Kores,679-729-0937,7078127
Barny,Teasdale,279-471-2010,6386030
Tilda,Faragan,539-839-3575,7817146
Brittan,Sturman,203-314-0421,8479837
Florence,Surr,430-690-2846,5584951
Merla,Sweedy,797-112-4139,9917812
Dulci,Cormack,104-479-4384,6339245
Tann,Torrijos,706-733-7791,9210075
Jannel,Reddell,839-429-8590,8066327
Bartholomeus,Ambrois,259-661-4514,8252748
Boycey,Blumire,865-144-1373,9930733
Lelah,Pouck,620-375-6009,9112834
Ainslie,McQuilkin,839-410-6125,6485702
Kendell,Smardon,469-234-0400,7547007
Pamela,Britten,544-367-5563,8155090
Julius,Bussey,564-639-7095,7657623
Arie,Garard,523-628-9478,6302536
Aileen,Pinchen,814-578-4394,9284573
Saunder,Abramchik,812-981-7402,6243195
Franny,Scamal,257-456-5632,9925754
Reube,Free,194-486-8855,9778536
Filberto,Prozillo,431-972-1994,5726046
Kristi,Andrzejak,716-950-3043,9234523
Christean,Paget,673-417-2934,5341501
Randi,Faughey,202-822-8977,8610819
Carr,Iacoviello,580-978-1627,5845012
Merv,Briddle,741-486-7492,8941413
Angelica,Ondrus,158-756-2915,5402031
Myrwyn,Dunsmuir,198-698-2684,8919805
Elliot,Stockman,801-537-9290,8077440
Casandra,Ryle,180-364-5493,6942975
Nicoli,Haugg,760-471-8459,5736573
Bobette,Hammand,672-107-3728,9034698
Koenraad,Waterhowse,661-950-4267,8492528
Ricard,Songust,649-419-6539,9961213
Sallie,Lissenden,596-586-6031,8187540
Isidro,Cowperthwaite,536-480-4367,7041552
Bekki,Fidler,667-670-4951,8158003
Margie,Motton,225-823-0094,6380011
Kathe,Devereu,548-214-2828,7603690
Mayer,Czaja,664-542-0350,9436281
Devora,Brelsford,972-878-0001,6140756
Pippa,Quinevan,724-840-4938,6258796
Mirella,Furmage,786-557-9904,5365536
Abbie,McKerley,528-731-0699,5309092
Alane,Aymeric,293-694-9340,6622895
Livvie,Domenc,568-828-6421,6782052
Clea,Grigori,444-325-3542,6589229
Paten,Nossent,823-247-9649,6004637
Lalo,Twittey,603-386-3278,9959471
Davin,Cabera,680-919-5876,8519847
Dewey,Boseley,277-763-9983,6594177
Dallas,Ponter,668-111-5717,9011504
Gabriello,Iacobini,421-618-4347,6400869
Belvia,Baudain,874-263-5247,9407151
Maddi,McGloin,585-868-0189,9233192
Napoleon,Balffye,678-898-5565,6487882
Allayne,Scarlet,709-300-8481,8956783
Panchito,Tolchard,253-550-1545,9237754
Staci,Kabsch,756-224-6423,9596701
Fiona,Mannie,411-232-5941,6273988
Constantine,Ambrosi,190-907-2890,6140129
Gavan,Faro,647-840-3176,8842418
Forest,McMickan,783-956-4857,7769429
Sheilakathryn,Walsh,982-976-1564,8015845
Leesa,Mouth,939-580-1437,9594499
Dion,St. Queintain,435-650-5236,5789954
Magdaia,Wissbey,624-517-8720,9373671
Dinnie,Gilffilland,419-302-1092,5556560
Asher,Daen,926-590-6263,8211693
Lind,Arendsen,597-193-2144,6790149
Blinny,Birtwell,644-591-5053,5661802
Dela,Sprowson,845-288-9539,6925257
Berna,Byham,925-593-4073,5021619
Jameson,Pritchett,219-293-2150,5599717
Beau,Wilber,475-438-7679,5929151
Caren,MacMenamy,759-977-6983,5895435
Marena,Andrelli,313-817-1316,9639671
Jamey,Marven,285-662-1449,5290782
Audra,Ringsell,241-920-2265,6749288
Clemence,Biaggelli,683-776-7000,7211440
Garrott,Varty,839-304-4198,9487035
Ursola,Ludmann,988-498-5987,6817773
Carine,McGowing,340-391-6972,5981520
Rania,Landis,784-814-4845,5050319
Dion,Roan,786-318-0556,7794241
Rafaellle,Hymers,923-911-5152,7096517
Barri,Hackleton,236-490-7580,5037688
Adelice,Earles,744-697-3264,9669083
Culley,Absolem,270-726-3016,7542512
Hervey,Kalewe,432-580-1572,9569417
Pammi,Bound,947-966-5926,7439207
Giustino,Long,933-879-4202,6389579
Iosep,Bartalot,460-376-5662,9705824
Matthaeus,Cuerdall,897-277-5173,6117978
Darryl,Ierland,619-407-4446,8206019
Rivalee,Mushart,545-944-2383,6781966
Perceval,Woodrough,237-728-5543,8501673
Ami,Kidd,875-954-9034,7363064
Linus,Haddick,594-497-7423,5697813
Giacobo,Croutear,947-306-9504,7591906
Merline,Scallan,868-629-6675,9946016
Bethena,Drejer,758-598-9436,8317791
Fidela,Broseke,917-867-3322,8171696
Melosa,Burgwin,751-219-4208,7856636
Peggie,Heaselgrave,269-815-7718,9366213
Rolf,Allam,124-487-9154,7720737
Noe,Fincken,988-232-1575,9659562
Barn,Laborde,728-232-7525,6926045
Fulvia,Rake,193-243-6402,7764394
Abel,Bellam,154-223-3856,7370905
Karlik,Sagg,795-415-5438,7598611
Mirelle,Peete,265-701-0512,5004945
Werner,Busse,682-906-4016,8143512
Hildegaard,Urlich,184-194-8724,8761215
Fielding,Odegaard,827-951-5957,8370496
Benedict,Crayke,917-725-8788,9484323
Floyd,Winslett,122-308-6802,8844388
Marcellus,Gregol,691-109-8994,8829219
Bobine,Duffie,220-921-7033,9732123
June,Hubble,785-884-6815,9680704
Carolynn,Dodamead,310-159-0831,6820544
Kaylee,Kleine,629-637-1164,8047852
Phillipe,Olding,893-349-3135,8700555
Vallie,Jewise,122-212-0704,7890515
Eustace,Cadigan,229-272-7806,9741399
Shurwood,Benzie,109-539-2195,8331925
Marilin,Byatt,506-733-5385,9757034
Constantin,Dehn,233-206-1290,6588039
Gorden,Kilbee,810-892-3750,7728452
Alejandra,Ferie,665-282-7857,7029936
Clim,Fellon,632-627-2506,7063466
Addia,Gartsyde,804-125-5472,5010594
Ruperto,Lillicrap,140-319-9379,6210794
Pepe,Rubinovitch,123-146-9910,5310469
Mariana,Wheaton,217-554-5795,8719528
Mirna,Boorer,142-628-1993,6455452
Jasmine,Thomerson,548-681-5255,8562968
Lindy,Stansell,908-554-2131,5068507
Maddi,Dallicoat,175-823-6117,6646731
Ali,Cawthry,845-381-4569,6701233
Hartley,Corah,478-199-7995,6030541
Morgun,Dunsmuir,284-978-7705,5936668
Perle,Goding,763-398-0013,6947089
Gabriele,Bortolomei,457-991-2642,7379580
Gabriella,Matkovic,725-756-1770,5442193
Vickie,Follet,780-457-7107,5582057
Rodina,Casarili,786-241-5535,6069626
Arin,Yushankin,521-415-7066,7341100
Ora,Hrinchenko,963-672-1545,9715430
Inesita,Jowling,175-455-0875,6713723
Jyoti,Shotton,206-620-8245,5831001
Sergeant,Abrahami,289-402-8387,8915225
Fran,Otterwell,827-106-9171,5363138
Yardley,Mountstephen,876-152-2633,9346405
Wadsworth,Marwick,922-902-6663,5340669
Aile,Origin,398-365-1308,8905943
Thorndike,Ruddock,854-905-6693,7405075
Tremaine,Gilbride,721-700-6494,5548521
Ephraim,Fitzer,362-454-1409,7849103
Sheff,Grelka,104-114-7942,6555197
Hayes,Asche,119-422-3542,7910272
Bill,Rossey,853-190-1290,9045606
Queenie,Raspel,168-614-7433,6719452
Eduardo,Vereker,888-333-0681,9621526
Sherri,McKiddin,718-314-1357,8124829
Teri,Stranio,555-704-0653,6403408
Aleen,Abad,919-524-3661,7348757
Linzy,Einchcombe,372-898-0167,5433271
Clayton,Pestor,516-473-4275,8282387
Kellie,Littler,311-781-5549,9882462
Xylina,Aizlewood,787-810-2827,8669187
Emelyne,MacEveley,550-816-9639,9839052
Shell,Slimm,703-705-3110,5547332
Jerry,Ennew,285-108-1615,6857459
Meagan,Sowter,303-758-5677,9483931
Jacquelin,Emmerson,975-873-1910,5575056
Gerry,Buske,409-140-7756,7332265
Oran,Whiles,511-554-0853,9544842
Lolly,Tritton,816-301-9592,7266910
Jesse,Mollnar,293-145-2508,9094266
Sandra,Sitlinton,302-393-5815,9516529
Antonina,Minthorpe,609-283-8001,7979269
Giacopo,Whetland,866-583-7858,9253418
Juliana,Spellar,674-492-2018,8197320
Nicol,Pester,191-621-9905,9595546
Tami,Van Castele,853-160-9663,7507350
Genni,O'Lagene,391-692-8442,9645330
Woody,Ewebank,686-894-4540,5481164
Kelly,Mc Faul,860-679-5852,5502036
Hallsy,McKag,663-176-0637,7776074
Francklin,Rangell,190-259-0784,9383499
Sophia,Woolis,748-399-5254,5339706
Deane,Outhwaite,573-611-3560,8317889
Sashenka,Maxsted,837-541-5539,6578291
Norman,Galilee,723-923-4649,6891323
Alfons,Ranner,505-909-9268,8500168
Alexandre,Peaker,731-646-3159,7294343
Gabby,Faircloth,262-329-7660,9511153
Gilberto,Twelvetree,718-541-0415,5378847
Freddy,Mugridge,430-733-5051,5672682
Anselm,Donat,429-954-5129,6152235
Allegra,Chedzoy,350-194-7839,9081582
Sonja,Satford,100-496-4678,5235162
Daisy,Veeler,950-514-0570,6250533
Siana,Waumsley,979-167-9392,5510160
Dennis,Feeham,187-438-5051,6036285
Sallyanne,Gallo,567-296-3036,9463232
Charlie,Rabson,265-749-9831,6516684
Tannie,Niesegen,133-337-5824,5161498
Cortie,Medley,680-129-2894,8360169
Mona,McLese,160-421-3136,5817542
Malinde,Capper,323-928-6791,8801880
Patty,Curtain,525-161-2293,5806249
Bruce,Van der Spohr,459-346-5388,6409138
Isabel,Bulford,223-940-6931,7402119
Benedikt,Josefson,526-419-6353,5351962
Tamarah,Baggiani,268-393-9615,5302522
Maribel,Slocomb,241-240-2779,8582066
Lory,Noyes,353-753-9882,5627708
Nonah,Dummett,961-164-1125,6620006
Benjamen,Wrassell,385-671-8106,8466657
Shirl,Mocker,170-927-5729,6734979
Ernestine,Hesey,498-372-4446,7806746
Rowland,Gobel,926-648-3369,9025053
Maire,Trematick,897-134-2290,6530804
Haskell,Etherington,243-694-0929,6136753
Berte,Russell,980-247-7540,7111809
Millicent,Herrieven,815-701-5764,5251627
Corrinne,Gogan,157-442-0689,6534173
Rodge,Guise,864-368-7695,9008539
Pebrook,Castanho,888-690-0884,8888490
Cloe,Ruppert,410-569-0851,8038285
Hayley,Summerell,851-874-0075,6650422
Jeffrey,Pleaden,337-978-2504,9973558
Jay,Anstis,547-470-6438,5652987
Rafferty,Alfwy,503-280-0890,5386443
Marv,Havvock,313-481-5676,8081142
Perice,Starsmore,664-817-8654,6815843
Konrad,Rogez,767-468-9461,5549033
Dannel,Skoyles,979-181-1968,8732330
Laughton,Cometti,870-524-2616,6793104
Lianna,Guilloux,854-862-2127,7592892
Odetta,Flowerdew,219-785-6023,6691334
Pippo,MacFaul,302-213-9236,5437524
Eddi,Fewlass,978-609-0968,6673919
Brier,Marcos,441-307-6699,8472446
Helaine,Hebblewhite,956-804-4352,8664296
Ker,Abotson,151-943-6918,8029855
Rutter,Asling,781-307-4579,6197291
Linnie,Keuning,841-799-5607,7565782
Lara,Sudron,884-546-2277,6978910
Anson,Winning,357-407-6570,8510359
Janaya,Mariette,735-137-5988,8837506
Shaughn,Corradino,336-329-4121,6345866
Mame,Cornillot,584-455-2957,6127553
Selma,Thornally,754-360-5697,9253846
Clevie,Parlatt,532-112-0083,5600830
Cleveland,Cunniff,666-333-2031,6026211
Baudoin,Fanti,109-842-5030,8979443
Davis,Lipyeat,169-255-0188,8623676
Misty,Formilli,745-469-9369,8619440
Casey,Heavyside,746-265-0340,8564315
Morgen,Lean,393-520-4738,8595690
Kary,Gayton,399-966-1694,7202237
Renado,Falla,149-331-2999,6388996
Archie,Calloway,582-952-2224,7989424
Aristotle,Blakey,469-472-1925,6898666
Katina,Leare,581-683-1841,8236490
Mady,Labrone,573-143-1736,6975294
Jorie,Hugnin,592-858-1814,5857923
Aldwin,Brookhouse,391-318-4712,6467314
Jodie,St. Louis,818-748-7375,6614807
Renaldo,Sines,386-807-2440,9999975
Lorry,Shilling,742-592-8030,8665573
Adah,Bonellie,361-278-7014,5158176
Ethe,Titterington,535-198-9817,8390399
Pia,Horsted,377-978-0886,8814611
Gloria,Canfer,206-330-3685,5631631
Alanna,Schaben,324-703-6821,5342962
Teri,Perkins,628-108-0848,8957106
Ardyce,Jeanet,794-625-8860,5805333
Aimee,Harlick,702-794-6328,6992416
Rhonda,Giacomini,465-503-9989,9613000
Jacob,Dogg,473-410-4338,7267157
Paten,Shepherdson,486-749-1668,6391902
Glory,Wenden,323-379-3311,5872017
Justinn,Du Pre,973-966-9467,5749185
Frasier,Mordacai,178-462-8949,6266524
Linzy,Sokale,385-847-3235,6491120
Rory,O'Hallihane,531-163-8471,9415841
Romona,Fahrenbacher,194-579-8768,9875128
Goddart,Walduck,968-309-0427,9229182
Iggy,Heinsen,567-867-5281,6233502
Kati,Jikovsky,885-298-1962,8386912
Enrichetta,Malatalant,698-367-2992,8058204
Enid,Gai,822-295-9617,9559437
Ingelbert,Scholtis,758-316-5023,8012199
Corliss,Gorton,411-797-0280,5221128
Ashly,Grogor,979-364-5333,6404284
Giulietta,Remmer,862-454-5036,9866375
Willy,Jakuszewski,491-203-8060,8803412
Kirsten,Easman,316-999-2034,6164153
Karlene,Youell,367-482-0793,8100556
Ezequiel,Leed,187-309-3407,6504537
Jerrie,Yitzhak,414-282-9484,9716741
Marc,Semeniuk,134-362-9905,5957880
Raddy,Worsnap,177-624-5486,6203149
Reagan,Tumbelty,998-561-3203,5904667
Hernando,Clemes,148-603-0313,9735646
Shay,Canham,123-326-5421,9597056
Gracie,Hellyer,522-843-8091,6956511
Hally,Gailor,898-447-1917,9205153
Clarance,Calveley,803-854-1375,6619777
Hobey,Joppich,401-254-4657,8527462
Philippe,McDonald,517-805-2460,9959572
Mitzi,Tilio,812-561-1349,8703380
Araldo,Lagen,592-832-1437,5079911
Wilek,Derricoat,202-610-3275,5060933
Diandra,Impleton,532-132-0301,7791271
Burty,Walbridge,370-133-0768,7291967
Conan,Chisnall,745-252-5550,8077749
Dedie,Baggaley,307-785-4209,7128324
Gerrilee,Tiddeman,203-504-5604,8229582
Donna,Briance,814-243-8772,7903334
Stanly,I'anson,496-294-1700,6533497
Abey,Jendricke,562-103-3671,6300742
Harlen,Marthen,296-309-6251,7421013
Axe,Hast,962-925-4492,8834718
Dallas,Sheavills,131-850-7507,8448953
Nathanil,Coburn,597-965-8314,5030091
Reba,MacCostigan,301-778-4979,8783428
Sandie,Power,190-863-7031,7493603
Madelina,Biddy,531-263-8746,7644256
Andre,Brettel,966-549-6732,8270810
Zora,Blindt,609-327-3698,8630259
Nial,Penhallurick,658-319-5065,5668447
Joye,England,298-568-9753,8602767
Eloisa,Tardiff,880-624-1891,7094907
Leilah,MacDunleavy,478-833-8978,5024119
Drucy,Hertwell,335-205-5495,5804953
Mellisa,Everex,946-566-9048,9693401
Junette,Creelman,111-683-2849,6865745
Wilma,Conelly,715-380-5970,9089161
Stu,Mattin,266-741-2264,5614904
Raf,Pietranek,700-244-7995,5088027
Kilian,Broadhead,550-633-7778,7684638
Martie,Fillingham,247-825-4987,5970703
Colver,Tams,893-181-7377,8479206
Hannie,Kelshaw,111-757-5018,7541038
Lolita,Shills,393-571-4609,8174227
Lucilia,Stanway,124-286-7904,5776209
Bevan,Kamall,163-808-9154,7522425
Rowen,Freiburger,962-921-6468,6162483
Lowe,Goggen,713-378-2260,8948295
Donnajean,Huckell,159-677-9547,6840919
Anita,Le Friec,617-450-6901,5831716
Scot,Sappson,106-127-5088,8538569
Justinian,Jee,469-349-2402,8373549
Matilde,Hearty,722-339-6307,7594364
Kirk,Wilflinger,199-973-0448,8284501
Anissa,Gapp,284-874-2168,5890278
Lyndsey,Osler,277-261-4670,5927860
Ronda,Elijah,631-487-8059,7426070
Colly,Dolohunty,640-954-8869,7163527
Weider,Jobbins,527-534-7342,6683240
Gaylor,Buttress,631-640-1641,5214940
Daniela,Callister,433-195-4740,7740906
Florie,Summerell,608-578-0930,6147567
Dita,Redwood,684-191-8783,5881473
Collete,Lernihan,513-387-2877,8675813
Annice,Theriot,792-114-4622,6892347
Nalani,Bigglestone,915-540-5837,8173914
Tersina,Weekley,501-465-5326,9141568
Denice,Perfect,306-492-1375,7247194
Cary,Gay,364-303-3533,5280885
Stormy,Quainton,139-415-9641,7146860
Daniel,Fisbey,185-176-6353,9944075
Marleah,Juszkiewicz,809-402-0928,9539260
Cissy,Ranshaw,564-100-8597,9495554
Ronni,Patron,409-362-8203,8379176
Tomas,Sexty,481-174-2430,8889394
Suzanne,Petrillo,111-768-6049,7221541
Justin,Gibbens,442-958-8636,5644611
Paulina,Treverton,960-492-3273,9660014
Celisse,Sitford,803-172-0547,8601827
Moses,Boddis,425-429-6015,6653415
Drusy,Renshell,604-189-0343,6504293
Kirby,Axten,358-371-4555,6696652
Manon,Chaloner,876-265-3156,8724550
Geoff,Vasile,347-892-5006,5430827
Guenna,Tunkin,754-465-9079,9287165
Afton,Prodrick,919-666-7781,7888785
Trstram,Sandwith,998-430-2271,9109032
Savina,Tulloch,909-879-6451,7353757
Gwendolin,Powe,218-492-1038,5176961
Andre,Slay,936-945-4686,6972378
Jeffry,Klaas,229-789-8253,5588491
Darryl,Mufford,790-876-9218,8914619
Worthy,Harrell,559-988-3108,6236390
Celinka,Chetwind,521-439-5081,8113577
Maximilien,Blezard,140-709-0363,5930299
Ara,Garbutt,732-238-3923,8401952
Aldous,Buzine,178-720-0003,9988942
Ottilie,Sharples,501-730-8725,8929680
Corena,Dellit,716-634-2383,8361081
Yuri,Eckersall,486-898-3002,9829178
Orly,Fawthrop,879-754-8854,6116704
Adah,Fantin,493-565-1955,9447894
Andonis,Morton,292-827-5316,7002577
Hillie,Ravillas,872-802-6834,7521888
Nananne,Deerr,650-711-2116,6112497
Tremain,Kiehl,253-557-8285,7719053
Kelbee,Nation,498-350-2427,7901573
Seymour,Granham,374-856-6607,8546186
Fawn,Skerrett,653-538-2665,9545091
Alexandr,Welfair,248-243-4647,8280480
Catie,Siemons,538-555-8714,8198498
Lodovico,Pierpoint,571-402-5243,7104497
Cece,Jermey,552-933-0777,9795647
Sergio,Fishlee,778-425-1177,9474388
Wylma,Deam,656-444-3223,9371220
Raphael,Sturdy,459-782-4872,7741198
Ellette,Vannah,745-442-0635,9357203
Vivian,Hawler,406-252-4057,6015960
Cornell,Bodell,238-262-2068,8174762
Nicolais,Shugg,392-226-4136,9898922
Happy,Bretherton,437-547-0449,5566676
Izaak,Bedborough,500-312-9793,9635368
Channa,Rideout,914-914-7036,5541346
Darnell,Bere,558-103-5330,5038120
Thomasina,Brookzie,414-887-8211,6255320
Cassey,Brise,944-512-8570,8198415
Shannah,Dehmel,288-498-2398,7449722
Barry,Witherington,686-924-9323,5068649
Matelda,Lewton,422-877-6896,5852762
Edd,Gotmann,896-713-0964,9653041
Jojo,Waltho,512-505-1023,6794520
Hayes,Egginson,905-515-8827,5859049
Lefty,Allcott,991-584-0243,9294767
Haley,Northley,756-660-3890,5363850
Sharon,Corradeschi,971-967-7403,8006826
Frasier,Marquis,389-484-2575,9824241
Courtney,MacClancey,409-570-5359,9727012
Mab,Caird,692-767-3887,5410331
Marj,Dietsche,632-371-8279,8414690
Stefanie,Von Welldun,144-402-7751,9636024
Maddie,Whitley,648-689-6805,6830264
Delila,Thurgood,155-318-7669,9707813
Chlo,Twaits,303-479-5305,6134455
Verney,Kidstone,501-175-6227,5648964
Shaun,Redhead,518-502-7967,9101935
Hillard,Hornig,509-659-4725,7690594
Charles,Dumberrill,288-690-2166,6987366
Ruthanne,Sumpner,522-406-9251,6823038
Merridie,Baskerville,944-453-1293,5245975
Rhianon,Kift,495-648-2292,5595966
Bobbye,Persse,141-252-8854,9173512
Martie,Favell,939-230-2931,5670543
Gisela,Blundan,734-632-7380,7072452
Cherilynn,Skells,293-569-4796,6093081
Twila,Hargey,814-126-9278,9347259
Skylar,Stroulger,113-774-7166,6413200
Paco,Pledger,468-143-6088,5058161
Darlleen,Lewinton,361-236-2263,9233073
Tova,Yanshin,977-784-3734,6901974
Sena,Rosenblad,540-269-6763,7835377
Davidson,Basey,282-472-6977,7968970
Noell,Diviney,685-146-9709,6773291
Malynda,Wellfare,424-284-2899,8232129
Lorelle,Norcliffe,596-933-4009,5839386
Shelli,Brooker,173-103-3179,6778593
Lauritz,St. Leger,526-590-3635,5107309
Fanni,Chasmer,706-140-2843,8317205
Donelle,Kringe,308-500-7079,9133455
Alessandra,Kimmings,672-306-3969,9195228
Guendolen,Ilyas,586-574-2451,8724979
Hamlin,Bree,505-863-9377,6248148
Antonella,Chennells,365-453-5217,7424969
Maurine,Biddles,433-963-7523,9073658
Cecil,Mariette,953-423-7630,5037932
Serge,Jiggins,175-928-8365,8012465
Amberly,Wanley,189-167-5705,8073830
Courtney,Duchesne,314-877-7253,6500448
Dolli,Marvelley,595-671-7006,8806532
Averil,Trunchion,865-873-9205,7726440
Teodor,Brende,575-679-7415,9395400
Adelaide,Kabsch,331-144-5865,6346853
Thomasina,Bilson,747-904-0102,5414399
Billie,Talman,966-190-7444,9681078
Edi,Hulland,358-620-1831,7525677
Karlen,Naisey,178-458-2308,7283317
Sherwin,Winterflood,510-334-3842,7220043
Charis,Alldis,631-708-7766,6799473
Sheffy,Kingcote,809-640-0305,6707953
Phineas,Gerard,888-308-5840,5691115
Vere,Shoute,105-677-2081,7189583
Millisent,McConigal,694-494-0930,8704019
Tabbitha,Mingauld,764-131-7778,7984746
Audre,Moralee,475-606-0583,7619153
Michele,Ralestone,205-395-1439,8138561
Burke,Cerie,533-489-2885,6536110
Lulita,Kirwood,366-657-5714,5355343
Orelie,Barlas,195-440-8726,6089149
Nedda,Tomasik,119-198-2999,6838240
Arleta,Wilmut,697-433-6105,8198172
Bobbie,Lepick,167-916-6777,7185232
Nikolaos,Mussolini,643-122-2500,7305038
Haskel,Battyll,554-170-7293,9842748
Retha,Brosini,517-627-0559,9447945
Rosalyn,Binion,684-382-5194,7242463
Prent,Adanet,375-766-4070,9819727
Graeme,Busk,392-207-1453,9462255
Yancy,Beaty,110-864-4329,9464655
Bobbette,Tschiersch,666-519-1518,9442917
Sashenka,Coom,608-498-9198,9236111
Cyrillus,Cavil,646-522-8908,6094896
Quentin,Rowatt,834-359-2604,8248025
Lezlie,Osler,308-831-0198,5140351
Stefano,Ashford,556-511-7042,9897203
Broderic,Ilymanov,293-118-3028,5976945
Kellie,Gebby,959-372-8339,9656064
Linc,Fryd,686-918-2419,9954729
Daryl,Loxdale,974-321-9652,6073101
Raven,Bulbeck,813-584-6550,8041587
Kiri,Strelitzer,632-485-9512,9065128
Rozelle,Puvia,597-692-7305,8478325
Andres,Everall,332-442-8492,5582799
Carlyn,Morphew,119-127-5529,9686859
Dulcine,Ramos,296-284-5494,8747020
Hatty,Jeafferson,747-856-1189,9921688
Livia,Gussin,802-213-1354,6531475
Khalil,Smye,456-553-2725,9684837
Zondra,Berth,449-623-6867,8650165
Pacorro,Baxill,140-614-9848,5192180
Juanita,Limbrick,574-513-1389,5421505
Oswell,Dahl,816-293-6729,9540314
Issy,Cato,644-521-5057,8740980
Reina,Salterne,186-965-8753,5807712
Tresa,Gerhold,144-456-6501,5919688
Perl,Bugg,232-844-8229,5314991
Chere,Goadby,942-339-6329,7485139
Farley,Coats,546-266-2449,8907524
Wilhelm,Ashlin,140-697-8190,9469203
Sutherlan,Copello,390-370-7661,8075041
Alleyn,MacRinn,249-760-6282,9921420
Ker,Theml,502-404-1166,5241671
Ethan,Ipgrave,449-327-7894,7017747
Kora,Arlow,735-591-5601,9257240
Jermaine,Cantillon,842-339-1763,9313400
Franny,Greathead,680-183-8487,8232238
Lutero,Duckett,233-871-9945,9144117
Dulsea,Kopmann,704-797-4175,6471747
Christina,Grouvel,362-413-8415,8172254
Phyllis,Croucher,727-867-9812,5074782
Kennedy,Rival,693-673-8899,9631655
Lindsay,Threadgill,636-261-1413,9785910
Kimmi,Hook,309-932-3252,5283919
Tanny,Gregol,132-647-1355,6561709
Koressa,Drynan,572-191-9748,6956586
Arther,Kubczak,772-977-1380,9441722
Dominique,Wigsell,868-336-4450,9758271
Darb,Bullent,197-928-0233,6313549
Rabbi,Basek,148-442-5246,6926329
Olive,Carrivick,341-201-3459,5739281
Sunny,Webb,817-147-4441,8829834
Wallace,Misson,129-769-2909,6755108
Datha,Cutridge,575-636-4497,5029474
Sammy,Ricciardiello,762-609-3707,5612425
Moreen,Upfold,194-501-8730,7509991
Carrie,Buttfield,174-955-0532,6486664
Modesta,Lobbe,829-331-2492,9066248
Ernie,Pummell,642-264-9570,5621318
Barbabra,Atton,750-526-9315,7365974
Fleur,Narrie,696-504-5225,5287867
Manolo,Berr,661-312-7630,8148795
Leigh,Ansteys,389-242-0448,6218301
Hakim,Pes,175-736-8559,8506562
Garwood,Neasham,914-369-9541,7166657
Antonio,Sekulla,858-101-9682,9118264
Nicoli,Gaskamp,782-591-2582,8362793
Maxy,Dechelette,389-971-5040,6107817
Dori,Creasy,746-886-5996,6991939
Sigismundo,Portchmouth,601-554-5431,6643639
Boy,Tunnock,506-406-9340,6816201
Mellie,Kybird,651-874-5868,7721399
Waldemar,Shepstone,700-272-6012,7949105
Tammara,Comiskey,579-188-7163,7162248
Lennie,Lorking,491-464-0929,6358593
Isahella,McCauley,593-608-8232,7036034
Hershel,Adame,627-934-2266,5467387
Padgett,Deviney,319-420-5988,6663712
Sonny,Mariot,863-129-3442,8229564
Troy,Rillstone,941-744-8420,9532607
Vernon,Dunnion,293-977-7241,5571797
Johnathon,Ciccotto,210-542-2701,7166813
Shana,Bloxham,269-953-2063,6031107
Tully,Serfati,713-602-6947,5034764
Hastie,Arnhold,232-205-5362,7834617
Solomon,Scholefield,615-647-1385,8378399
Pamelina,Algate,482-790-2218,8593258
Swen,Catanheira,529-658-9704,8040254
Clemmie,Boother,835-185-0134,6676789
Penni,Shakespear,517-800-8624,9461302
